Workbook

Sheet iOS Camera (Built-in)
A1: LOG PENGUJIAN: IOS CAMERA (BUILT-IN)
A2: No | B2: Waktu | C2: URL | D2: Label Aktual | E2: Kategori | F2: Hasil Scanner | G2: TP | H2: FP | I2: FN | J2: TN | K2: Benar? | L2: Catatan
A3: 1 | B3: 2026-04-02 09:28:41 | C3: https://amazon-clone-gray-psi.vercel.app/ | D3: phishing | E3: Live Phishing (OpenPhish) | F3: Phishing | G3: 1 | H3: 0 | I3: 0 | J3: 0 | K3: ✅
A4: 2 | B4: 2026-04-02 09:28:57 | C4: https://shankha03.github.io/Ecommerce_Replica_SD/ | D4: phishing | E4: Live Phishing (OpenPhish) | F4: Aman | G4: 0 | H4: 0 | I4: 1 | J4: 0 | K4: ❌
A5: 3 | B5: 2026-04-02 09:29:05 | C5: http://kkucoinn-i-en.webflow.io/ | D5: phishing | E5: Live Phishing (OpenPhish) | F5: Aman | G5: 0 | H5: 0 | I5: 1 | J5: 0 | K5: ❌
A6: 4 | B6: 2026-04-02 09:29:15 | C6: http://pub-f116f875e0aa4d7cb9e2ecfa533098af.r2.dev/index.html | D6: phishing | E6: Live Phishing (OpenPhish) | F6: Phishing | G6: 1 | H6: 0 | I6: 0 | J6: 0 | K6: ✅
A7: 5 | B7: 2026-04-02 09:29:28 | C7: https://roblox.com.ge/users/9431472086/profile | D7: phishing | E7: Live Phishing (OpenPhish) | F7: Aman | G7: 0 | H7: 0 | I7: 1 | J7: 0 | K7: ❌
A8: 6 | B8: 2026-04-02 09:29:34 | C8: http://amazon-clone-ivory-beta.vercel.app/ | D8: phishing | E8: Live Phishing (OpenPhish) | F8: Aman | G8: 0 | H8: 0 | I8: 1 | J8: 0 | K8: ❌
A9: 7 | B9: 2026-04-02 09:29:41 | C9: https://status.freightinternationalservices.com/s/63BZGFSVBWSFCDX7Y9/584dd8/90eab167-7429-489f-99f6-ce86e8d0d81a | D9: phishing | E9: Live Phishing (OpenPhish) | F9: Aman | G9: 0 | H9: 0 | I9: 1 | J9: 0 | K9: ❌
A10: 8 | B10: 2026-04-02 09:29:47 | C10: http://instagram-clone-tau-six.vercel.app/ | D10: phishing | E10: Live Phishing (OpenPhish) | F10: Aman | G10: 0 | H10: 0 | I10: 1 | J10: 0 | K10: ❌
A11: 9 | B11: 2026-04-02 09:29:58 | C11: https://www.robiox.com.py/users/104784821386/profile | D11: phishing | E11: Live Phishing (OpenPhish) | F11: Aman | G11: 0 | H11: 0 | I11: 1 | J11: 0 | K11: ❌
A12: 10 | B12: 2026-04-02 09:30:04 | C12: https://www.robiox.com.py/games/9377953133/Mobile-Sword-Fight?privateServerLinkCode=657526683957145096720202333557 | D12: phishing | E12: Live Phishing (OpenPhish) | F12: Aman | G12: 0 | H12: 0 | I12: 1 | J12: 0 | K12: ❌
A13: 11 | B13: 2026-04-02 09:30:25 | C13: https://basicpension.028426.com/s/63BZGFSVBWSFCDX7Y9/584dd8/90eab167-7429-489f-99f6-ce86e8d0d81a | D13: phishing | E13: Live Phishing (OpenPhish) | F13: Aman | G13: 0 | H13: 0 | I13: 1 | J13: 0 | K13: ❌
A14: 12 | B14: 2026-04-02 09:30:32 | C14: https://instagram-clone-eight.vercel.app/ | D14: phishing | E14: Live Phishing (OpenPhish) | F14: Aman | G14: 0 | H14: 0 | I14: 1 | J14: 0 | K14: ❌
... A30: 28 | B30: 2026-04-02 09:32:32 | C30: https://trzeezorwollit.webflow.io/ | D30: phishing | E30: Live Phishing (OpenPhish) | F30: Aman | G30: 0 | H30: 0 | I30: 1 | J30: 0 | K30: ❌

Sheet Samsung Camera (Built-in)
A1: LOG PENGUJIAN: SAMSUNG CAMERA (BUILT-IN)
A2: No | B2: Waktu | C2: URL | D2: Label Aktual | E2: Kategori | F2: Hasil Scanner | G2: TP | H2: FP | I2: FN | J2: TN | K2: Benar? | L2: Catatan

Sheet Redmei Camera (Built-in)
A1: LOG PENGUJIAN: REDMEI CAMERA (BUILT-IN)
A2: No | B2: Waktu | C2: URL | D2: Label Aktual | E2: Kategori | F2: Hasil Scanner | G2: TP | H2: FP | I2: FN | J2: TN | K2: Benar? | L2: Catatan

Sheet Google Lens
A1: LOG PENGUJIAN: GOOGLE LENS
A2: No | B2: Waktu | C2: URL | D2: Label Aktual | E2: Kategori | F2: Hasil Scanner | G2: TP | H2: FP | I2: FN | J2: TN | K2: Benar? | L2: Catatan
A3: 1 | B3: 2026-03-31 21:14:53 | C3: https://www.google.com | D3: safe | E3: Legitimate URLs | F3: Aman | G3: 0 | H3: 0 | I3: 0 | J3: 1 | K3: ✅
A4: 2 | B4: 2026-03-31 21:14:56 | C4: https://www.amazon.com | D4: safe | E4: Legitimate URLs | F4: Aman | G4: 0 | H4: 0 | I4: 0 | J4: 1 | K4: ✅
A5: 3 | B5: 2026-03-31 21:14:56 | C5: https://www.microsoft.com | D5: safe | E5: Legitimate URLs | F5: Aman | G5: 0 | H5: 0 | I5: 0 | J5: 1 | K5: ✅
A6: 4 | B6: 2026-03-31 21:14:57 | C6: https://www.apple.com | D6: safe | E6: Legitimate URLs | F6: Aman | G6: 0 | H6: 0 | I6: 0 | J6: 1 | K6: ✅
A7: 5 | B7: 2026-03-31 21:14:57 | C7: https://github.com | D7: safe | E7: Legitimate URLs | F7: Aman | G7: 0 | H7: 0 | I7: 0 | J7: 1 | K7: ✅
A8: 6 | B8: 2026-03-31 21:14:58 | C8: https://www.wikipedia.org | D8: safe | E8: Legitimate URLs | F8: Aman | G8: 0 | H8: 0 | I8: 0 | J8: 1 | K8: ✅
A9: 7 | B9: 2026-03-31 21:14:59 | C9: https://www.linkedin.com | D9: safe | E9: Legitimate URLs | F9: Aman | G9: 0 | H9: 0 | I9: 0 | J9: 1 | K9: ✅
A10: 8 | B10: 2026-03-31 21:14:59 | C10: https://www.reddit.com | D10: safe | E10: Legitimate URLs | F10: Aman | G10: 0 | H10: 0 | I10: 0 | J10: 1 | K10: ✅
A11: 9 | B11: 2026-03-31 21:15:00 | C11: https://www.netflix.com | D11: safe | E11: Legitimate URLs | F11: Aman | G11: 0 | H11: 0 | I11: 0 | J11: 1 | K11: ✅
A12: 10 | B12: 2026-03-31 21:15:00 | C12: https://www.spotify.com | D12: safe | E12: Legitimate URLs | F12: Aman | G12: 0 | H12: 0 | I12: 0 | J12: 1 | K12: ✅
A13: 11 | B13: 2026-03-31 21:15:01 | C13: https://www.adobe.com | D13: safe | E13: Legitimate URLs | F13: Aman | G13: 0 | H13: 0 | I13: 0 | J13: 1 | K13: ✅
A14: 12 | B14: 2026-03-31 21:15:01 | C14: https://www.salesforce.com | D14: safe | E14: Legitimate URLs | F14: Aman | G14: 0 | H14: 0 | I14: 0 | J14: 1 | K14: ✅
A15: 13 | B15: 2026-03-31 21:15:03 | C15: https://www.shopify.com | D15: safe | E15: Legitimate URLs | F15: Aman | G15: 0 | H15: 0 | I15: 0 | J15: 1 | K15: ✅
A16: 14 | B16: 2026-03-31 21:15:20 | C16: https://www.slack.com | D16: safe | E16: Legitimate URLs | F16: Aman | G16: 0 | H16: 0 | I16: 0 | J16: 1 | K16: ✅ | L16: 404 error not found
A17: 15 | B17: 2026-03-31 21:15:20 | C17: https://www.zoom.us | D17: safe | E17: Legitimate URLs | F17: Aman | G17: 0 | H17: 0 | I17: 0 | J17: 1 | K17: ✅
A18: 16 | B18: 2026-03-31 21:15:21 | C18: https://www.figma.com | D18: safe | E18: Legitimate URLs | F18: Aman | G18: 0 | H18: 0 | I18: 0 | J18: 1 | K18: ✅
A19: 17 | B19: 2026-03-31 21:15:22 | C19: https://www.notion.so | D19: safe | E19: Legitimate URLs | F19: Aman | G19: 0 | H19: 0 | I19: 0 | J19: 1 | K19: ✅
A20: 18 | B20: 2026-03-31 21:15:24 | C20: https://www.trello.com | D20: safe | E20: Legitimate URLs | F20: Aman | G20: 0 | H20: 0 | I20: 0 | J20: 1 | K20: ✅
A21: 19 | B21: 2026-03-31 21:15:33 | C21: https://www.atlassian.com | D21: safe | E21: Legitimate URLs | F21: Aman | G21: 0 | H21: 0 | I21: 0 | J21: 1 | K21: ✅
A22: 20 | B22: 2026-03-31 21:15:41 | C22: https://bit.ly/a1b2c3d | D22: phishing | E22: URL Shortener | F22: Aman | G22: 0 | H22: 0 | I22: 1 | J22: 0 | K22: ❌
A23: 21 | B23: 2026-03-31 21:15:46 | C23: https://tinyurl.com/x9y8z7w | D23: phishing | E23: URL Shortener | F23: Aman | G23: 0 | H23: 0 | I23: 1 | J23: 0 | K23: ❌
A24: 22 | B24: 2026-03-31 21:15:47 | C24: https://t.co/k5m6n7p | D24: phishing | E24: URL Shortener | F24: Aman | G24: 0 | H24: 0 | I24: 1 | J24: 0 | K24: ❌
A25: 23 | B25: 2026-03-31 21:15:47 | C25: https://goo.gl/q1w2e3r | D25: phishing | E25: URL Shortener | F25: Aman | G25: 0 | H25: 0 | I25: 1 | J25: 0 | K25: ❌
A26: 24 | B26: 2026-03-31 21:15:49 | C26: https://ow.ly/t4y5u6i | D26: phishing | E26: URL Shortener | F26: Phishing | G26: 1 | H26: 0 | I26: 0 | J26: 0 | K26: ✅
A27: 25 | B27: 2026-03-31 21:15:52 | C27: https://short.link/o7p8a9s | D27: phishing | E27: URL Shortener | F27: Phishing | G27: 1 | H27: 0 | I27: 0 | J27: 0 | K27: ✅
A28: 26 | B28: 2026-03-31 21:15:54 | C28: https://is.gd/d4f5g6h | D28: phishing | E28: URL Shortener | F28: Phishing | G28: 1 | H28: 0 | I28: 0 | J28: 0 | K28: ✅
... A42: 40 | B42: 2026-03-31 21:16:07 | C42: https://short.link/h4n5u6j | D42: phishing | E42: URL Shortener | F42: Phishing | G42: 1 | H42: 0 | I42: 0 | J42: 0 | K42: ✅

Sheet Lionic Qr Scanner
A1: LOG PENGUJIAN: LIONIC QR SCANNER
A2: No | B2: Waktu | C2: URL | D2: Label Aktual | E2: Kategori | F2: Hasil Scanner | G2: TP | H2: FP | I2: FN | J2: TN | K2: Benar? | L2: Catatan

Sheet QR Scan Shield
A1: LOG PENGUJIAN: QR SCAN SHIELD
A2: No | B2: Waktu | C2: URL | D2: Label Aktual | E2: Kategori | F2: Hasil Scanner | G2: TP | H2: FP | I2: FN | J2: TN | K2: Benar? | L2: Catatan
A3: 1 | B3: 2026-04-02 09:32:53 | C3: https://amazon-clone-gray-psi.vercel.app/ | D3: phishing | E3: Live Phishing (OpenPhish) | F3: Aman | G3: 0 | H3: 0 | I3: 1 | J3: 0 | K3: ❌
A4: 2 | B4: 2026-04-02 09:32:53 | C4: https://shankha03.github.io/Ecommerce_Replica_SD/ | D4: phishing | E4: Live Phishing (OpenPhish) | F4: Aman | G4: 0 | H4: 0 | I4: 1 | J4: 0 | K4: ❌
A5: 3 | B5: 2026-04-02 09:32:54 | C5: http://kkucoinn-i-en.webflow.io/ | D5: phishing | E5: Live Phishing (OpenPhish) | F5: Aman | G5: 0 | H5: 0 | I5: 1 | J5: 0 | K5: ❌
A6: 4 | B6: 2026-04-02 09:32:54 | C6: http://pub-f116f875e0aa4d7cb9e2ecfa533098af.r2.dev/index.html | D6: phishing | E6: Live Phishing (OpenPhish) | F6: Aman | G6: 0 | H6: 0 | I6: 1 | J6: 0 | K6: ❌
A7: 5 | B7: 2026-04-02 09:32:54 | C7: https://roblox.com.ge/users/9431472086/profile | D7: phishing | E7: Live Phishing (OpenPhish) | F7: Aman | G7: 0 | H7: 0 | I7: 1 | J7: 0 | K7: ❌
A8: 6 | B8: 2026-04-02 09:32:55 | C8: http://amazon-clone-ivory-beta.vercel.app/ | D8: phishing | E8: Live Phishing (OpenPhish) | F8: Aman | G8: 0 | H8: 0 | I8: 1 | J8: 0 | K8: ❌
A9: 7 | B9: 2026-04-02 09:32:55 | C9: https://status.freightinternationalservices.com/s/63BZGFSVBWSFCDX7Y9/584dd8/90eab167-7429-489f-99f6-ce86e8d0d81a | D9: phishing | E9: Live Phishing (OpenPhish) | F9: Aman | G9: 0 | H9: 0 | I9: 1 | J9: 0 | K9: ❌
A10: 8 | B10: 2026-04-02 09:32:55 | C10: http://instagram-clone-tau-six.vercel.app/ | D10: phishing | E10: Live Phishing (OpenPhish) | F10: Aman | G10: 0 | H10: 0 | I10: 1 | J10: 0 | K10: ❌
A11: 9 | B11: 2026-04-02 09:32:55 | C11: https://www.robiox.com.py/users/104784821386/profile | D11: phishing | E11: Live Phishing (OpenPhish) | F11: Aman | G11: 0 | H11: 0 | I11: 1 | J11: 0 | K11: ❌
A12: 10 | B12: 2026-04-02 09:32:55 | C12: https://www.robiox.com.py/games/9377953133/Mobile-Sword-Fight?privateServerLinkCode=657526683957145096720202333557 | D12: phishing | E12: Live Phishing (OpenPhish) | F12: Aman | G12: 0 | H12: 0 | I12: 1 | J12: 0 | K12: ❌
A13: 11 | B13: 2026-04-02 09:32:55 | C13: http://kucinsh-lgin.webflow.io/ | D13: phishing | E13: Live Phishing (OpenPhish) | F13: Aman | G13: 0 | H13: 0 | I13: 1 | J13: 0 | K13: ❌
A14: 12 | B14: 2026-04-02 09:32:55 | C14: https://basicpension.028426.com/s/63BZGFSVBWSFCDX7Y9/584dd8/90eab167-7429-489f-99f6-ce86e8d0d81a | D14: phishing | E14: Live Phishing (OpenPhish) | F14: Aman | G14: 0 | H14: 0 | I14: 1 | J14: 0 | K14: ❌
... A31: 29 | B31: 2026-04-02 09:32:59 | C31: http://gemini.91vip.de/ | D31: phishing | E31: Live Phishing (OpenPhish) | F31: Aman | G31: 0 | H31: 0 | I31: 1 | J31: 0 | K31: ❌

Sheet Ringkasan
A1: RINGKASAN PERBANDINGAN SEMUA SCANNER
A2: Scanner | B2: TP | C2: FP | D2: FN | E2: TN | F2: Precision | G2: Recall | H2: F1-Score
A3: iOS Camera (Built-in) | B3: =IFERROR(SUMIF('iOS Camera (Built-in)'!D$3:D$1000,"phishing",'iOS Camera (Built-in)'!G$3:G$1000),0) | C3: =IFERROR(SUMIF('iOS Camera (Built-in)'!D$3:D$1000,"safe",'iOS Camera (Built-in)'!H$3:H$1000),0) | D3: =IFERROR(SUMIF('iOS Camera (Built-in)'!D$3:D$1000,"phishing",'iOS Camera (Built-in)'!I$3:I$1000),0) | E3: =IFERROR(SUMIF('iOS Camera (Built-in)'!D$3:D$1000,"safe",'iOS Camera (Built-in)'!J$3:J$1000),0) | F3: =IFERROR(B3/(B3+C3),0) | G3: =IFERROR(B3/(B3+D3),0) | H3: =IFERROR(2*F3*G3/(F3+G3),0)
A4: Samsung Camera (Built-in) | B4: =IFERROR(SUMIF('Samsung Camera (Built-in)'!D$3:D$1000,"phishing",'Samsung Camera (Built-in)'!G$3:G$1000),0) | C4: =IFERROR(SUMIF('Samsung Camera (Built-in)'!D$3:D$1000,"safe",'Samsung Camera (Built-in)'!H$3:H$1000),0) | D4: =IFERROR(SUMIF('Samsung Camera (Built-in)'!D$3:D$1000,"phishing",'Samsung Camera (Built-in)'!I$3:I$1000),0) | E4: =IFERROR(SUMIF('Samsung Camera (Built-in)'!D$3:D$1000,"safe",'Samsung Camera (Built-in)'!J$3:J$1000),0) | F4: =IFERROR(B4/(B4+C4),0) | G4: =IFERROR(B4/(B4+D4),0) | H4: =IFERROR(2*F4*G4/(F4+G4),0)
A5: Redmei Camera (Built-in) | B5: =IFERROR(SUMIF('Redmei Camera (Built-in)'!D$3:D$1000,"phishing",'Redmei Camera (Built-in)'!G$3:G$1000),0) | C5: =IFERROR(SUMIF('Redmei Camera (Built-in)'!D$3:D$1000,"safe",'Redmei Camera (Built-in)'!H$3:H$1000),0) | D5: =IFERROR(SUMIF('Redmei Camera (Built-in)'!D$3:D$1000,"phishing",'Redmei Camera (Built-in)'!I$3:I$1000),0) | E5: =IFERROR(SUMIF('Redmei Camera (Built-in)'!D$3:D$1000,"safe",'Redmei Camera (Built-in)'!J$3:J$1000),0) | F5: =IFERROR(B5/(B5+C5),0) | G5: =IFERROR(B5/(B5+D5),0) | H5: =IFERROR(2*F5*G5/(F5+G5),0)
A6: Google Lens | B6: =IFERROR(SUMIF('Google Lens'!D$3:D$1000,"phishing",'Google Lens'!G$3:G$1000),0) | C6: =IFERROR(SUMIF('Google Lens'!D$3:D$1000,"safe",'Google Lens'!H$3:H$1000),0) | D6: =IFERROR(SUMIF('Google Lens'!D$3:D$1000,"phishing",'Google Lens'!I$3:I$1000),0) | E6: =IFERROR(SUMIF('Google Lens'!D$3:D$1000,"safe",'Google Lens'!J$3:J$1000),0) | F6: =IFERROR(B6/(B6+C6),0) | G6: =IFERROR(B6/(B6+D6),0) | H6: =IFERROR(2*F6*G6/(F6+G6),0)
A7: Lionic Qr Scanner | B7: =IFERROR(SUMIF('Lionic Qr Scanner'!D$3:D$1000,"phishing",'Lionic Qr Scanner'!G$3:G$1000),0) | C7: =IFERROR(SUMIF('Lionic Qr Scanner'!D$3:D$1000,"safe",'Lionic Qr Scanner'!H$3:H$1000),0) | D7: =IFERROR(SUMIF('Lionic Qr Scanner'!D$3:D$1000,"phishing",'Lionic Qr Scanner'!I$3:I$1000),0) | E7: =IFERROR(SUMIF('Lionic Qr Scanner'!D$3:D$1000,"safe",'Lionic Qr Scanner'!J$3:J$1000),0) | F7: =IFERROR(B7/(B7+C7),0) | G7: =IFERROR(B7/(B7+D7),0) | H7: =IFERROR(2*F7*G7/(F7+G7),0)
A8: QR Scan Shield | B8: =IFERROR(SUMIF('QR Scan Shield'!D$3:D$1000,"phishing",'QR Scan Shield'!G$3:G$1000),0) | C8: =IFERROR(SUMIF('QR Scan Shield'!D$3:D$1000,"safe",'QR Scan Shield'!H$3:H$1000),0) | D8: =IFERROR(SUMIF('QR Scan Shield'!D$3:D$1000,"phishing",'QR Scan Shield'!I$3:I$1000),0) | E8: =IFERROR(SUMIF('QR Scan Shield'!D$3:D$1000,"safe",'QR Scan Shield'!J$3:J$1000),0) | F8: =IFERROR(B8/(B8+C8),0) | G8: =IFERROR(B8/(B8+D8),0) | H8: =IFERROR(2*F8*G8/(F8+G8),0)
